name,email
Ivora Global Consultant,ivoraglobalconsultant@gmail.com
Grand Royal Travel Brussels,grand.royal.travel1@gmail.com
Aseana Travel Brussels,euroluxemetal@gmail.com
ProCapture Tours Brussels,procapturetours@gmail.com
Jet Set Adventures,JetSetAdventures23@gmail.com
Fly Dream Travel Agency,flydream2020@gmail.com
UVO Travel,uvotravel@gmail.com
RM Travel KS,rmtravelks@gmail.com
Centerstay Brussels,centerstaybrussels@gmail.com
Cloud Consultancy,cloudconsuiltancy.pk@gmail.com
Destinations Atypiques Brussels,destinationsatypiques@gmail.com
TakeOff To Travel,takeofftotravel@gmail.com
Fly Travel Agency Ltd,flytravelagencyltd@gmail.com
Clewel Travel,travelclewel@gmail.com
Les Voyages Simon Pelletier,simonagentdevoyage@gmail.com
Laraz Travel and Tours,laraztravelandtours@gmail.com
Margy Sansone Travel Expert,margy311@gmail.com
Agence de Voyages Less-Go,dominic.lessgo@gmail.com
Riva Travel Montenegro,rivamontenegro@gmail.com
Holidays in Holland,holidaysinholland@gmail.com
Anumi Travel,anumitravel@gmail.com
AVM Tours and Travels,vijay.avmtravels@gmail.com
The Travel Tribe Consultants,thetraveltribeconsultants@gmail.com
Hivernage Brussels,hivernagebrussels@gmail.com
Kanayuky Travel Agency,kanayukytravelagency@gmail.com
Ghana Travel Agency Brussels,ayesha.assgcnt22@gmail.com
Noussouki Travel Brussels,noussouki.travel.ca@gmail.com
Montagna Travel Agency,montagnabb@gmail.com
Above and Beyond Travel,abt1990@gmail.com
Epir Travel Agency,epirtravel@gmail.com
Morales Travel Agency,arturomorales23@gmail.com
Deep Travels Agency,deeptravels1989@gmail.com
Swift International Travel,swiftintltravel@gmail.com
Travel Counter 24,travelcounter24@gmail.com
Jelinak Travel,jelinak@gmail.com
Clare Maloney InteleTravel,claretravels19@gmail.com
Best Travel Agency Albania,sales.besttravelagency@gmail.com
Travel Deals Holidays,traveldealsholidays@gmail.com
Infosoft Travel,infosofttravel11@gmail.com
PalmaCuba Tours Brussels,palmacuba.tours@gmail.com
Anka Tourisme Brussels,ankatourisme@gmail.com
Roumieh Travel Agency,roumiehbusinesslounge@gmail.com
Dream Vacations Travel,dreamvacations97@gmail.com
Tourist Travel Tours Pristina,tourist.ks@gmail.com
Creativelinks Travel Tours,creativelinks.travel@gmail.com
Eben Travel Ltd,ebentravelltd@gmail.com
Mustafaj Travel Brussels,mustafajtravel@gmail.com
BlueSky Mauritius Travel Agency,lonjhe2018@gmail.com
Unique Travel Agency Tbilisi,rostiashviliani@gmail.com
Lykabee Travel and Tours,lykabeetours@gmail.com
Find Your Joy Travel Agency,findyourjoytravel@gmail.com
Go Air Travel and Tours,goairtravelandtours@gmail.com
Travels by Janet White,travelsbyjanetwhite@gmail.com
Swaa Holidays Travel Agency,swaaholidays@gmail.com
Septenary Travel Solutions,myramtrip2heavens@gmail.com
KL Travelling Plus,kltravellingplus@gmail.com
Sunita Travel Agency,staguyana@gmail.com
The Journey Visa Travel,thejourneyvisa@gmail.com
Red Travel Bag,redtravelbag@gmail.com
Antwerp Enterprise Group,antwerpenterprisegroup@gmail.com
Meichen Travel,meichentravel@gmail.com
Ges Travel Agency,gestravelbookings@gmail.com
T.K.F Travel Agency,tkftravel754@gmail.com
High Seas Adventures Travel,highseasadventurestravel@gmail.com
Nerestil Travel Agency,snerestil@gmail.com
Majestic Travel Int Dhaka,majestictraveldac@gmail.com
Majestic Travel Int Bangkok,majestictravelbkk@gmail.com
Cubix Holidays,cubixholidays@gmail.com
SN Travel and Tourism,sntravelandtourism@gmail.com
Lime Time Travel LLC,limetimetravelllc@gmail.com
Maya Travel Tours,mayatraveltours01@gmail.com
Travel with Divas Destinations,travelwithdivasdestinations@gmail.com
Live the List Travel Co,livethelisttravelco@gmail.com
Wayfare Travel and Tours,wayfareph@gmail.com
Skyborne Travel Agency,skybornetravel@gmail.com
Delia's Travel Agency,deliaseatherton6@gmail.com
Uncle Travels,uncletravels7@gmail.com
Jet Cruiser Travels and Tours,jetcruisertravelsandtours@gmail.com
KM Travel,kelseymooretravel@gmail.com
Trip Galore Travel and Tours,tripgalorereservations@gmail.com
Sky Escapers Travel,skyescapers009@gmail.com
Golden Lane Travel and Tours,goldenlane2017@gmail.com
Click Travel,clicktravel555@gmail.com
ConRay Travel,conraytravel@gmail.com
Trip Toks Travel,triptokstravel@gmail.com
Vision Board Vacations,visionboardvacations@gmail.com
Tia Grace on Tour,tiagraceontour@gmail.com
Bear Flair Travel,bearflairtravel@gmail.com
Roam Service Travel,roamservicetravel@gmail.com
Karen's Global Getaways,karensglobalgetaways2024@gmail.com
BelaGo Travel,belagotravel@gmail.com
Passport Escapes,passportescapes25@gmail.com
Travellerkey,travellerkeyinfo@gmail.com
MJCK Destinations,mjckdestinations@gmail.com
Purple Pixie Travel,purplepixie77.mm@gmail.com
Chez Chic Travel,chezchictravel@gmail.com
Dream Destinations by Vanessa,dreamdestinationsbyvanessa@gmail.com
Pamela Barrett Travel,pamelabarrett22@gmail.com
Crazy Holidays Tours,crazy.holidays.tours@gmail.com
John Smith,travelbookingpanel@gmail.com
Jane Doe,theclaritywrite@gmail.com
Alex Johnson,customernearme@gmail.com
Ayan abc,hm.younas22@gmail.com
Orhan Johnson,fitwithtessa@gmail.com
